customer_id,name,email,phone,address,city,state,country,zip_code,registration_date,status
1,Guillema Moylane,gmoylane0@yale.edu,816-511-4208,83423 Mallard Street,Kansas City,Missouri,US,64187,2021-03-02,Inactive
2,Perice Rablen,prablen1@i2i.jp,407-529-3365,8 Everett Alley,Orlando,Florida,US,32854,2024-03-05,Inactive
3,Isa Mayberry,imayberry2@businessweek.com,504-456-0163,348 Starling Junction,New Orleans,Louisiana,US,70174,2025-03-29,Inactive
4,Russell Gagan,rgagan3@unicef.org,754-568-4101,803 Twin Pines Junction,Fort Lauderdale,Florida,US,33355,2021-03-10,Active
5,Pete Schutte,pschutte4@foxnews.com,302-133-3209,55 Sycamore Alley,Newark,Delaware,US,19714,2023-10-17,Active
6,Nels Dominik,ndominik5@accuweather.com,330-814-6993,87 Kipling Court,Akron,Ohio,US,44305,2023-07-29,Inactive
7,Harley Roj,hroj6@hc360.com,661-666-4366,086 Westport Street,Bakersfield,California,US,93386,2022-08-14,Active
8,Thurston Aleksankin,taleksankin7@nih.gov,205-445-6597,165 Riverside Park,Birmingham,Alabama,US,35244,2022-02-13,Inactive
9,Carma Kegg,ckegg8@stanford.edu,850-587-5704,68602 Washington Plaza,Pensacola,Florida,US,32595,2024-05-26,Inactive
10,Abdul Sargood,asargood9@edublogs.org,509-205-5895,60 Fulton Center,Spokane,Washington,US,99210,2023-08-24,Active
11,Isiahi Evitts,ievittsa@adobe.com,814-699-3605,2 Westport Junction,Erie,Pennsylvania,US,16550,2024-06-03,Inactive
12,Ursulina Flinn,uflinnb@microsoft.com,781-399-5086,6 2nd Circle,Waltham,Massachusetts,US,2453,2022-08-03,Active
13,Alvera Prickett,aprickettc@joomla.org,502-822-2128,68 Corscot Way,Louisville,Kentucky,US,40298,2022-09-03,Inactive
14,Upton Heinemann,uheinemannd@berkeley.edu,915-853-1216,5101 Alpine Avenue,El Paso,Texas,US,79911,2023-05-22,Active
15,Worth Poveleye,wpoveleyee@pinterest.com,248-743-2088,4 Carpenter Plaza,Troy,Michigan,US,48098,2025-07-27,Active
16,Agnese Linstead,alinsteadf@topsy.com,785-300-8272,9829 Basil Center,Topeka,Kansas,US,66606,2023-12-18,Active
17,Gaylene Darville,gdarvilleg@marketwatch.com,321-116-6152,452 Lyons Place,Palm Bay,Florida,US,32909,2021-08-30,Active
18,Katha Cubitt,kcubitth@wunderground.com,850-614-3213,84177 Waxwing Plaza,Pensacola,Florida,US,32505,2022-04-07,Active
19,Karleen Batte,kbattei@pcworld.com,304-336-6919,9 Mesta Place,Huntington,West Virginia,US,25705,2024-11-02,Inactive
20,Armstrong Menpes,amenpesj@seesaa.net,540-363-6137,9995 Arizona Point,Roanoke,Virginia,US,24004,2023-01-07,Active
21,Hillie Doyley,hdoyleyk@drupal.org,540-746-0028,9991 Lerdahl Parkway,Roanoke,Virginia,US,24009,2024-08-21,Inactive
22,Geri Gilyatt,ggilyattl@si.edu,785-116-0609,07340 Kennedy Lane,Topeka,Kansas,US,66629,2023-11-16,Inactive
23,Cyrill Chrishop,cchrishopm@histats.com,714-596-4939,83 Shopko Lane,Irvine,California,US,92612,2022-12-27,Active
24,Wandie Lawful,wlawfuln@fotki.com,915-143-4374,126 Tony Junction,El Paso,Texas,US,88541,2022-03-01,Inactive
25,Rhona Mathevet,rmatheveto@home.pl,818-741-5305,815 Coleman Way,Los Angeles,California,US,90071,2023-10-29,Inactive
26,Jdavie Vicar,jvicarp@wordpress.org,907-772-3817,719 Weeping Birch Place,Anchorage,Alaska,US,99512,2024-08-01,Active
27,Marlee Cawse,mcawseq@epa.gov,361-555-8266,2018 Doe Crossing Road,Corpus Christi,Texas,US,78415,2024-08-18,Active
28,Verene Pude,vpuder@bloglines.com,917-903-3839,807 Northport Pass,New York City,New York,US,10029,2025-05-29,Active
29,Eirena Gregh,egreghs@si.edu,480-201-3662,13 Kensington Street,Mesa,Arizona,US,85215,2022-07-18,Inactive
30,Kynthia Baltrushaitis,kbaltrushaitist@cdbaby.com,410-392-8940,9687 Saint Paul Drive,Baltimore,Maryland,US,21275,2025-04-15,Inactive
31,Bradley Hehir,bhehiru@wordpress.com,703-865-7300,917 Banding Pass,Washington,District of Columbia,US,20041,2023-10-16,Inactive
32,Putnam Cerie,pceriev@skyrock.com,830-150-5648,3905 Messerschmidt Place,San Antonio,Texas,US,78245,2025-01-23,Active
33,Waylen Purves,wpurvesw@sina.com.cn,502-262-4006,73013 Haas Center,Louisville,Kentucky,US,40256,2021-11-09,Inactive
34,Reggie Ciotto,rciottox@dyndns.org,602-576-6140,747 South Court,Tempe,Arizona,US,85284,2024-03-04,Active
35,Daisey Brave,dbravey@dell.com,678-739-3374,0859 Clemons Trail,Atlanta,Georgia,US,30316,2025-01-22,Active
36,Evaleen Blasing,eblasingz@squarespace.com,206-823-3858,6116 Cambridge Avenue,Tacoma,Washington,US,98424,2024-01-04,Active
37,Claudius Steenson,csteenson10@blinklist.com,267-609-4671,0 Fordem Trail,Levittown,Pennsylvania,US,19058,2023-01-29,Active
38,Colet Kinneir,ckinneir11@xinhuanet.com,805-737-2386,27 Corscot Way,Santa Barbara,California,US,93111,2022-12-24,Active
39,Juliette Gailor,jgailor12@hp.com,210-226-4660,507 Stephen Terrace,San Antonio,Texas,US,78255,2022-01-30,Inactive
40,Errick Wanklin,ewanklin13@wufoo.com,208-751-6812,429 Anzinger Crossing,Boise,Idaho,US,83727,2024-10-30,Inactive
41,Issy Gosz,igosz14@cdbaby.com,214-430-3000,588 Bashford Park,Dallas,Texas,US,75236,2022-08-08,Inactive
42,Faun Cholerton,fcholerton15@auda.org.au,210-771-2223,465 Tony Center,San Antonio,Texas,US,78265,2024-09-27,Active
43,Nancie Edleston,nedleston16@umich.edu,615-149-7174,35 Union Pass,Nashville,Tennessee,US,37210,2024-09-12,Inactive
44,Gualterio Arnaudet,garnaudet17@tuttocitta.it,616-824-6791,2227 Village Street,Grand Rapids,Michigan,US,49560,2022-06-10,Inactive
45,Opaline Mosson,omosson18@kickstarter.com,202-593-4436,7519 Miller Road,Washington,District of Columbia,US,20010,2023-09-03,Active
46,Pearce Trounson,ptrounson19@amazon.de,864-340-2753,0480 Carioca Court,Spartanburg,South Carolina,US,29305,2025-01-28,Active
47,Anton Rattry,arattry1a@washingtonpost.com,817-515-7909,1591 Schiller Terrace,Fort Worth,Texas,US,76129,2023-08-18,Active
48,Tonnie Tweddell,ttweddell1b@mail.ru,212-181-9143,28126 Birchwood Alley,New York City,New York,US,10131,2025-05-09,Inactive
49,Tamara Titlow,ttitlow1c@techcrunch.com,704-506-8710,15 Hanover Way,Charlotte,North Carolina,US,28289,2025-02-10,Active
50,Luce Haughin,lhaughin1d@accuweather.com,336-101-4421,430 New Castle Parkway,Winston Salem,North Carolina,US,27116,2024-09-23,Active
51,Cris Shelly,cshelly1e@webmd.com,989-131-6194,1 Fairview Drive,Saginaw,Michigan,US,48604,2024-03-30,Inactive
52,Lynde Lembrick,llembrick1f@seesaa.net,772-115-7647,3 Annamark Alley,Fort Pierce,Florida,US,34949,2024-06-05,Active
53,Leon Kettoe,lkettoe1g@chron.com,571-967-6047,5 Moulton Plaza,Ashburn,Virginia,US,22093,2021-06-07,Inactive
54,Barnard Swales,bswales1h@uol.com.br,303-881-2937,59602 Mendota Lane,Denver,Colorado,US,80291,2021-02-25,Active
55,Tobiah Filan,tfilan1i@dailymotion.com,234-758-0380,0 Boyd Point,Canton,Ohio,US,44760,2022-02-25,Active
56,Ringo Sexton,rsexton1j@virginia.edu,312-743-9302,07 Old Gate Hill,Chicago,Illinois,US,60681,2022-02-20,Active
57,Eugenia Bea,ebea1k@ftc.gov,615-149-5102,04024 Pierstorff Alley,Nashville,Tennessee,US,37235,2022-09-18,Active
58,Bess Sitlinton,bsitlinton1l@hexun.com,336-157-6217,60238 Manley Alley,Winston Salem,North Carolina,US,27105,2023-07-26,Inactive
59,Missie Rich,mrich1m@bloglines.com,916-164-9961,89351 5th Circle,Chico,California,US,95973,2022-01-16,Inactive
60,Winn Kaygill,wkaygill1n@forbes.com,508-438-9898,51 Ronald Regan Court,Brockton,Massachusetts,US,2405,2023-03-15,Active
61,Budd Shiel,bshiel1o@posterous.com,281-331-0076,18190 Old Shore Park,Houston,Texas,US,77065,2025-01-08,Inactive
62,Lukas Romain,lromain1p@businesswire.com,757-766-4597,5 Forest Dale Center,Virginia Beach,Virginia,US,23464,2022-06-07,Active
63,Wendy Eul,weul1q@reverbnation.com,205-475-9546,8 Vernon Junction,Birmingham,Alabama,US,35225,2025-05-28,Inactive
64,Wyn D'Ambrogio,wdambrogio1r@apache.org,407-484-6826,68042 Buhler Circle,Orlando,Florida,US,32854,2023-10-13,Inactive
65,Alejandrina Bastard,abastard1s@twitpic.com,312-358-0829,12 Southridge Circle,Chicago,Illinois,US,60619,2021-05-12,Active
66,Ximenes Bransom,xbransom1t@t-online.de,404-726-7814,014 Northwestern Lane,Atlanta,Georgia,US,30306,2021-10-30,Active
67,Wenda Leddy,wleddy1u@slate.com,914-449-1844,55 Commercial Parkway,Bronx,New York,US,10464,2021-07-09,Inactive
68,Pail Kneafsey,pkneafsey1v@fda.gov,662-671-8484,667 Briar Crest Way,Columbus,Mississippi,US,39705,2021-07-11,Inactive
69,Missie Itchingham,mitchingham1w@etsy.com,913-400-7955,8 American Ash Plaza,Shawnee Mission,Kansas,US,66220,2022-04-17,Active
70,Rollo Sheere,rsheere1x@over-blog.com,601-369-8791,3 Bunting Plaza,Meridian,Mississippi,US,39305,2021-07-18,Active
71,Nathalie Watkins,nwatkins1y@dion.ne.jp,360-696-3472,466 Northview Lane,Seattle,Washington,US,98121,2023-12-24,Active
72,Clemmie Bernetti,cbernetti1z@umn.edu,303-153-0136,79534 Lien Plaza,Denver,Colorado,US,80262,2025-07-23,Active
73,Ashby Skates,askates20@dailymotion.com,406-128-9337,4 Mallard Parkway,Billings,Montana,US,59112,2022-02-17,Inactive
74,Dun Lydiate,dlydiate21@patch.com,559-261-5462,33009 Red Cloud Crossing,Fresno,California,US,93786,2022-04-15,Inactive
75,Ade Gianulli,agianulli22@sbwire.com,804-260-2963,9343 Meadow Valley Road,Richmond,Virginia,US,23213,2021-08-29,Inactive
76,Edna Lindberg,elindberg23@ameblo.jp,409-660-6406,82379 Westport Pass,Galveston,Texas,US,77554,2021-06-09,Active
77,Mallissa Rattenbury,mrattenbury24@dropbox.com,949-772-5212,6145 Vidon Hill,Anaheim,California,US,92805,2022-08-30,Active
78,Leelah Saich,lsaich25@hp.com,281-795-0412,46296 Portage Trail,Houston,Texas,US,77050,2021-01-29,Inactive
79,Wade Scarratt,wscarratt26@ow.ly,813-268-8934,992 Pond Drive,Saint Petersburg,Florida,US,33705,2021-03-19,Inactive
80,Krystal Crenshaw,kcrenshaw27@tmall.com,321-737-4147,9718 Corben Hill,Palm Bay,Florida,US,32909,2022-06-28,Active
81,Cart Dakhno,cdakhno28@devhub.com,347-598-8933,4694 Hagan Junction,Flushing,New York,US,11355,2024-04-12,Active
82,Richardo Steanyng,rsteanyng29@newyorker.com,314-869-8397,48012 Boyd Way,Saint Louis,Missouri,US,63136,2022-12-21,Inactive
83,Nadean Hedlestone,nhedlestone2a@skyrock.com,310-162-2217,8 Burrows Pass,Santa Ana,California,US,92705,2022-02-05,Active
84,Earle Forton,eforton2b@hexun.com,530-558-6402,50126 Everett Terrace,Sacramento,California,US,95833,2024-06-02,Active
85,Giorgio Chomley,gchomley2c@miibeian.gov.cn,917-227-3120,841 Harbort Junction,Jamaica,New York,US,11480,2022-10-18,Inactive
86,Aharon Yeoland,ayeoland2d@berkeley.edu,719-593-7761,4 Calypso Way,Colorado Springs,Colorado,US,80910,2025-01-02,Active
87,Gates Ecclestone,gecclestone2e@uiuc.edu,585-733-4949,1 Anderson Way,Rochester,New York,US,14652,2021-01-05,Active
88,Elle Jess,ejess2f@reuters.com,614-718-5210,4 Valley Edge Parkway,Columbus,Ohio,US,43240,2025-04-28,Inactive
89,Trent Eastop,teastop2g@stanford.edu,352-716-5966,4 Mccormick Point,Ocala,Florida,US,34474,2023-06-28,Active
90,Fowler Roston,froston2h@barnesandnoble.com,253-502-8452,25 Randy Court,Tacoma,Washington,US,98464,2025-05-01,Inactive
91,Xylina Kitchingman,xkitchingman2i@hc360.com,205-873-9229,536 Golf Course Plaza,Birmingham,Alabama,US,35210,2024-03-23,Inactive
92,Lanny Eilert,leilert2j@mashable.com,918-325-8184,7 Paget Parkway,Tulsa,Oklahoma,US,74170,2025-07-29,Inactive
93,Cybil Gronowe,cgronowe2k@google.it,601-511-5633,0 Eliot Junction,Jackson,Mississippi,US,39236,2025-01-08,Active
94,Igor Maxwaile,imaxwaile2l@zdnet.com,901-135-0027,11 Loomis Drive,Memphis,Tennessee,US,38136,2023-11-25,Active
95,Pate Treacy,ptreacy2m@arstechnica.com,402-614-6347,8 Sundown Park,Omaha,Nebraska,US,68134,2022-11-02,Inactive
96,Gabbie Bodill,gbodill2n@sciencedirect.com,214-749-0906,38476 Manitowish Drive,Dallas,Texas,US,75379,2024-12-03,Inactive
97,Tome Heeps,theeps2o@pcworld.com,901-472-7665,462 Bay Avenue,Memphis,Tennessee,US,38150,2021-10-03,Active
98,Bartlet Hartlebury,bhartlebury2p@alibaba.com,415-690-2052,383 Troy Plaza,San Francisco,California,US,94110,2024-03-26,Active
99,Annalise Keiley,akeiley2q@patch.com,585-563-9138,31859 Butterfield Park,Rochester,New York,US,14639,2023-08-22,Active
100,Abdel Markwelley,amarkwelley2r@umich.edu,804-136-2607,7127 Rieder Parkway,Richmond,Virginia,US,23213,2021-12-19,Active
101,Cacilia Verillo,cverillo2s@msu.edu,919-178-5765,20 Mandrake Way,Raleigh,North Carolina,US,27610,2021-01-03,Inactive
102,Ivy Lere,ilere2t@etsy.com,360-440-6134,5 Fremont Hill,Vancouver,Washington,US,98687,2022-10-15,Inactive
103,Aura Rossbrooke,arossbrooke2u@uol.com.br,202-392-1402,5 Myrtle Hill,Washington,District of Columbia,US,20310,2024-05-13,Active
104,Teodor Ganders,tganders2v@sakura.ne.jp,616-119-5748,6020 Lawn Drive,Grand Rapids,Michigan,US,49510,2021-01-23,Inactive
105,Orelle Haslen,ohaslen2w@telegraph.co.uk,859-737-2466,0 Mitchell Road,Lexington,Kentucky,US,40596,2024-06-30,Inactive
106,Annetta Fetteplace,afetteplace2x@yahoo.co.jp,971-260-7274,67 Lawn Drive,Portland,Oregon,US,97271,2024-07-03,Active
107,Waldemar Amberson,wamberson2y@blogtalkradio.com,850-692-5644,530 Stang Road,Pensacola,Florida,US,32575,2023-06-06,Inactive
108,Naoma Chipping,nchipping2z@spotify.com,571-569-3435,7 Londonderry Circle,Merrifield,Virginia,US,22119,2021-08-07,Active
109,Pamella Wallicker,pwallicker30@deliciousdays.com,602-720-4330,6310 Tomscot Place,Phoenix,Arizona,US,85010,2022-12-22,Inactive
110,Winna Ricardou,wricardou31@about.me,336-845-4330,0365 Heath Drive,Winston Salem,North Carolina,US,27157,2022-08-04,Inactive
111,Nolana Meus,nmeus32@tripadvisor.com,319-146-3367,96945 Chive Avenue,Waterloo,Iowa,US,50706,2024-11-29,Active
112,Mariele Kielt,mkielt33@sogou.com,518-351-2569,0904 Mockingbird Center,Albany,New York,US,12222,2023-04-04,Inactive
113,Cornelia Keyson,ckeyson34@hugedomains.com,202-165-5828,20639 Northfield Junction,Washington,District of Columbia,US,20414,2025-06-05,Active
114,Clay O'Lunney,colunney35@rambler.ru,253-804-6195,513 Rowland Court,Tacoma,Washington,US,98417,2025-07-17,Active
115,Nikita Alleway,nalleway36@hexun.com,812-917-7688,2598 Kensington Place,Evansville,Indiana,US,47747,2021-09-21,Inactive
116,Stevie Abthorpe,sabthorpe37@cdc.gov,912-511-4690,7661 Anderson Avenue,Savannah,Georgia,US,31416,2022-02-24,Inactive
117,Osmund McAuslan,omcauslan38@wikimedia.org,919-864-0622,1 Burning Wood Avenue,Raleigh,North Carolina,US,27635,2021-11-05,Active
118,Dory Littell,dlittell39@latimes.com,313-854-3586,40 Eagan Center,Detroit,Michigan,US,48267,2021-08-26,Inactive
119,Hy Ollarenshaw,hollarenshaw3a@redcross.org,702-124-5568,525 Golf Alley,Henderson,Nevada,US,89074,2024-11-17,Inactive
120,Aile Welbourn,awelbourn3b@squidoo.com,775-880-8287,54436 Cody Pass,Sparks,Nevada,US,89436,2021-01-01,Inactive
121,Clarke Caukill,ccaukill3c@newsvine.com,505-215-0053,6 Becker Crossing,Albuquerque,New Mexico,US,87201,2025-07-10,Active
122,Cazzie Langdale,clangdale3d@msn.com,352-288-2283,71330 Coleman Center,Ocala,Florida,US,34474,2024-11-23,Inactive
123,Annie McEllen,amcellen3e@guardian.co.uk,775-653-8228,45290 Jana Alley,Reno,Nevada,US,89510,2023-09-10,Active
124,Benjamin Licari,blicari3f@wordpress.org,941-385-6110,991 Bunker Hill Drive,Seminole,Florida,US,34642,2024-06-21,Inactive
125,Annmaria Trudgion,atrudgion3g@mtv.com,941-295-5457,98881 Express Place,Bonita Springs,Florida,US,34135,2022-01-19,Inactive
126,Jervis Rope,jrope3h@google.com.au,540-766-8120,1 Old Shore Circle,Roanoke,Virginia,US,24040,2022-06-28,Active
127,Rubia Jopson,rjopson3i@unc.edu,520-862-2424,318 Service Lane,Tucson,Arizona,US,85732,2024-02-07,Inactive
128,Wilie Itschakov,witschakov3j@blogspot.com,513-774-8522,0660 Westport Lane,Cincinnati,Ohio,US,45254,2024-09-01,Active
129,Zorah Olifaunt,zolifaunt3k@example.com,303-255-6142,625 Arrowood Drive,Boulder,Colorado,US,80328,2022-11-16,Active
130,Freeman Kyd,fkyd3l@google.pl,701-742-1363,552 Westend Street,Bismarck,North Dakota,US,58505,2025-06-17,Inactive
131,Clayton Meritt,cmeritt3m@xinhuanet.com,210-311-8872,2 Bobwhite Lane,San Antonio,Texas,US,78220,2025-06-09,Inactive
132,Frans Martignoni,fmartignoni3n@usda.gov,651-169-4099,0760 Caliangt Way,Saint Paul,Minnesota,US,55172,2023-02-01,Inactive
133,Noelle Dalliwater,ndalliwater3o@mayoclinic.com,562-392-2043,48 International Plaza,San Francisco,California,US,94110,2025-05-18,Active
134,Loria Carnew,lcarnew3p@ucla.edu,440-546-8501,39 Warbler Hill,Cleveland,Ohio,US,44125,2023-11-15,Inactive
135,Shellysheldon Oxtoby,soxtoby3q@gmpg.org,310-863-8902,893 Northridge Center,Santa Ana,California,US,92705,2021-05-06,Active
136,Del Westcott,dwestcott3r@whitehouse.gov,203-393-3689,1000 Burrows Trail,New Haven,Connecticut,US,6510,2022-10-15,Inactive
137,Jennee Beyne,jbeyne3s@technorati.com,602-116-3983,6 4th Crossing,Glendale,Arizona,US,85311,2025-02-03,Inactive
138,Jodi Zanini,jzanini3t@microsoft.com,801-687-4705,70121 Vahlen Hill,Provo,Utah,US,84605,2023-05-06,Inactive
139,Ashley Anear,aanear3u@printfriendly.com,262-407-4942,8 Spaight Way,Milwaukee,Wisconsin,US,53205,2021-07-01,Inactive
140,Kennie Macak,kmacak3v@bloglovin.com,319-610-7716,8 Mcbride Street,Iowa City,Iowa,US,52245,2021-09-12,Active
141,Zacharie Predohl,zpredohl3w@meetup.com,609-185-7554,882 Southridge Point,Trenton,New Jersey,US,8603,2025-03-28,Inactive
142,Franni Schimann,fschimann3x@scientificamerican.com,916-694-6257,0738 Hazelcrest Lane,Sacramento,California,US,94280,2024-05-29,Inactive
143,Madalena Thyng,mthyng3y@chron.com,917-122-4753,91697 Sunnyside Road,Brooklyn,New York,US,11215,2025-06-21,Active
144,Rollie Kupec,rkupec3z@fda.gov,334-683-3442,3127 Comanche Center,Montgomery,Alabama,US,36134,2023-05-14,Inactive
145,Ring Pilipyak,rpilipyak40@merriam-webster.com,605-297-7147,70513 Walton Avenue,Sioux Falls,South Dakota,US,57105,2022-09-11,Active
146,Rory Le Blanc,rle41@nps.gov,212-458-4684,5965 Fairfield Parkway,New York City,New York,US,10203,2023-06-28,Inactive
147,Jaquelyn Worlidge,jworlidge42@oakley.com,760-901-4748,95 Forest Plaza,Carlsbad,California,US,92013,2025-05-30,Active
148,Gail Gillio,ggillio43@4shared.com,309-720-7025,6961 Memorial Plaza,Peoria,Illinois,US,61614,2021-07-07,Active
149,Elmira Brian,ebrian44@csmonitor.com,216-876-9095,97 Mandrake Circle,Cleveland,Ohio,US,44185,2024-02-11,Active
150,Hermine Ravel,hravel45@delicious.com,402-923-6982,1596 Loeprich Hill,Omaha,Nebraska,US,68105,2022-06-03,Active
151,Halsey Renols,hrenols46@dmoz.org,816-272-4322,0 Saint Paul Circle,Kansas City,Missouri,US,64153,2023-03-16,Inactive
152,Demetris Dalliwatr,ddalliwatr47@prlog.org,509-768-3150,1 Eliot Terrace,Spokane,Washington,US,99260,2022-12-12,Active
153,Aldridge Yakubov,ayakubov48@webmd.com,312-499-0507,291 Trailsway Alley,Chicago,Illinois,US,60636,2025-04-13,Active
154,Masha Darben,mdarben49@rediff.com,617-525-3422,9993 Packers Drive,Boston,Massachusetts,US,2114,2024-12-25,Active
155,Cherise Levicount,clevicount4a@blogger.com,202-636-4929,047 Washington Road,Bethesda,Maryland,US,20816,2023-03-15,Inactive
156,Janella Souch,jsouch4b@blinklist.com,914-721-1942,5853 Moland Point,White Plains,New York,US,10633,2021-02-10,Inactive
157,Giorgi Simoncello,gsimoncello4c@imageshack.us,518-606-9336,37 Nova Avenue,Albany,New York,US,12242,2023-01-31,Inactive
158,Izaak Reef,ireef4d@ycombinator.com,313-203-4596,70755 Maywood Terrace,Detroit,Michigan,US,48295,2021-05-05,Active
159,Pace Petr,ppetr4e@exblog.jp,505-727-2902,101 Darwin Pass,Santa Fe,New Mexico,US,87592,2024-12-03,Active
160,Carmine McLarens,cmclarens4f@about.me,256-445-0392,2058 La Follette Crossing,Huntsville,Alabama,US,35805,2022-02-27,Active
161,Andy Niesegen,aniesegen4g@goo.ne.jp,540-984-4175,708 Manufacturers Hill,Roanoke,Virginia,US,24040,2023-05-07,Active
162,Adolph Carlyle,acarlyle4h@nba.com,561-628-5535,811 Jay Lane,Boca Raton,Florida,US,33499,2024-12-15,Inactive
163,Constantin Tillerton,ctillerton4i@google.fr,704-905-6585,1614 Pleasure Pass,Charlotte,North Carolina,US,28299,2022-01-06,Inactive
164,Dre Aylott,daylott4j@admin.ch,803-714-4223,65 Stoughton Point,Columbia,South Carolina,US,29220,2023-04-02,Active
165,Cointon Gautrey,cgautrey4k@rediff.com,909-561-7838,0 Hoard Junction,Riverside,California,US,92505,2021-02-18,Active
166,Jeffrey Sitlington,jsitlington4l@epa.gov,773-387-7470,97812 Sage Alley,Chicago,Illinois,US,60624,2024-09-04,Inactive
167,Palm Salleir,psalleir4m@springer.com,504-324-3579,3 Hoffman Way,Metairie,Louisiana,US,70005,2022-07-21,Active
168,Calli Boundley,cboundley4n@goodreads.com,805-866-5414,4 Glendale Way,Santa Barbara,California,US,93106,2021-10-09,Inactive
169,Nonna Glassborow,nglassborow4o@earthlink.net,512-681-3933,1136 Orin Avenue,Austin,Texas,US,78726,2024-07-10,Active
170,Georgie Warrack,gwarrack4p@buzzfeed.com,505-222-1497,90 Emmet Pass,Albuquerque,New Mexico,US,87110,2023-07-15,Active
171,Patrizia Landes,plandes4q@goo.ne.jp,304-180-8492,277 Melrose Terrace,Charleston,West Virginia,US,25336,2022-02-28,Active
172,Eve Guys,eguys4r@google.de,503-224-8285,8843 Bellgrove Junction,Portland,Oregon,US,97286,2022-05-03,Inactive
173,Neilla Braybrookes,nbraybrookes4s@wikimedia.org,408-464-3475,821 Carberry Place,San Jose,California,US,95173,2022-08-21,Active
174,Tiphani McKennan,tmckennan4t@dedecms.com,864-564-9952,538 Butternut Street,Spartanburg,South Carolina,US,29305,2021-02-23,Inactive
175,Lauretta Da Costa,lda4u@fotki.com,202-253-2152,6 Morrow Drive,Washington,District of Columbia,US,20016,2024-03-19,Active
176,Melany Cartman,mcartman4v@blogger.com,434-397-8558,6 Maple Lane,Charlottesville,Virginia,US,22908,2024-05-17,Inactive
177,Pennie Rowbottom,prowbottom4w@com.com,216-911-5220,660 Becker Street,Cleveland,Ohio,US,44105,2023-05-05,Inactive
178,Maegan Petkov,mpetkov4x@oracle.com,225-601-7287,378 Florence Lane,Baton Rouge,Louisiana,US,70826,2024-01-09,Inactive
179,Shela Lubman,slubman4y@hibu.com,916-412-4675,48 Lyons Trail,Sacramento,California,US,94297,2022-02-14,Active
180,Ellynn O'Clery,eoclery4z@eepurl.com,727-803-7963,5991 Elgar Circle,Clearwater,Florida,US,34615,2024-11-18,Inactive
181,Ibbie De Caroli,ide50@newsvine.com,916-145-7377,6915 Bartillon Terrace,Sacramento,California,US,94280,2021-04-17,Inactive
182,Galina Lemerle,glemerle51@wisc.edu,843-124-7044,6 Eliot Trail,Charleston,South Carolina,US,29403,2023-07-24,Inactive
183,Steve Tancock,stancock52@archive.org,619-179-2059,80544 Fairfield Terrace,San Diego,California,US,92145,2022-03-11,Active
184,Lauree MacCorkell,lmaccorkell53@netvibes.com,917-681-8960,915 Charing Cross Plaza,New York City,New York,US,10045,2024-04-05,Active
185,Wallache Robeiro,wrobeiro54@marketwatch.com,434-696-0241,04 Southridge Circle,Charlottesville,Virginia,US,22903,2021-06-16,Inactive
186,Elwira Firidolfi,efiridolfi55@go.com,615-645-2844,5698 Hanson Place,Nashville,Tennessee,US,37205,2021-11-08,Inactive
187,Rodi Darell,rdarell56@altervista.org,202-963-1920,73 Annamark Lane,Washington,District of Columbia,US,20397,2025-07-04,Active
188,Derby Reoch,dreoch57@people.com.cn,816-428-1915,32664 Raven Circle,Kansas City,Missouri,US,64130,2021-03-14,Inactive
189,Pru McAllen,pmcallen58@geocities.com,858-147-6025,790 Ruskin Parkway,San Diego,California,US,92132,2023-10-25,Active
190,Daniela Deignan,ddeignan59@ehow.com,808-446-3425,7 Dakota Park,Honolulu,Hawaii,US,96845,2023-09-02,Inactive
191,Philippe Marcos,pmarcos5a@google.es,512-214-4087,8 Butterfield Terrace,Round Rock,Texas,US,78682,2022-12-08,Inactive
192,Janice Rozalski,jrozalski5b@liveinternet.ru,281-322-0507,677 Holmberg Plaza,Houston,Texas,US,77065,2022-01-23,Active
193,Royall Rasor,rrasor5c@so-net.ne.jp,865-210-8792,5 Golf Course Circle,Knoxville,Tennessee,US,37931,2025-08-04,Inactive
194,Crissy Binnie,cbinnie5d@cornell.edu,518-842-9050,90974 Maryland Drive,Albany,New York,US,12262,2024-07-13,Inactive
195,Murial Rekes,mrekes5e@whitehouse.gov,786-776-1805,665 Independence Lane,Miami,Florida,US,33124,2021-02-22,Inactive
196,Vale Jakubczyk,vjakubczyk5f@utexas.edu,267-961-9698,86841 Morning Parkway,Philadelphia,Pennsylvania,US,19136,2025-05-06,Inactive
197,Rivalee Vasilyevski,rvasilyevski5g@princeton.edu,661-110-7075,8 Scofield Street,Bakersfield,California,US,93386,2022-03-30,Inactive
198,Erie Ashman,eashman5h@twitpic.com,817-909-8278,40930 Blackbird Parkway,Fort Worth,Texas,US,76147,2024-10-06,Inactive
199,Valida Cicchinelli,vcicchinelli5i@purevolume.com,406-349-8221,45 5th Street,Billings,Montana,US,59112,2024-12-30,Inactive
200,Ellery Wellbeloved,ewellbeloved5j@eepurl.com,415-940-8809,2 Drewry Terrace,San Francisco,California,US,94159,2025-05-31,Active
201,Jabez Cinderey,jcinderey5k@blog.com,530-877-7614,58459 Arapahoe Terrace,South Lake Tahoe,California,US,96154,2023-01-10,Active
202,Arielle Abraham,aabraham5l@unicef.org,757-668-1662,224 Buhler Junction,Norfolk,Virginia,US,23520,2025-03-26,Inactive
203,Debor Chitty,dchitty5m@redcross.org,405-575-7503,69903 Jay Place,Oklahoma City,Oklahoma,US,73114,2023-08-02,Active
204,Jayme Vanyashin,jvanyashin5n@discovery.com,415-270-2199,5101 Schlimgen Crossing,San Francisco,California,US,94132,2023-03-30,Active
205,Garek Mournian,gmournian5o@tuttocitta.it,918-943-6016,9864 Burning Wood Terrace,Tulsa,Oklahoma,US,74156,2021-05-14,Active
206,Mahmoud Hughs,mhughs5p@washingtonpost.com,318-432-0596,3093 Clemons Street,Shreveport,Louisiana,US,71161,2021-03-28,Active
207,Leodora Threadgold,lthreadgold5q@sitemeter.com,216-425-8657,45480 Union Drive,Cleveland,Ohio,US,44105,2025-05-10,Inactive
208,Che Szymanek,cszymanek5r@stanford.edu,860-264-0938,06749 Surrey Circle,Hartford,Connecticut,US,6160,2025-01-04,Active
209,Collie Hinrich,chinrich5s@cornell.edu,316-666-9951,6 Johnson Point,Wichita,Kansas,US,67215,2023-06-03,Inactive
210,Eleni Quaif,equaif5t@mit.edu,936-809-1269,88503 Fordem Junction,Conroe,Texas,US,77305,2021-02-14,Inactive
211,Koren Lutty,klutty5u@friendfeed.com,571-294-8554,185 Prentice Drive,Alexandria,Virginia,US,22313,2022-12-08,Active
212,Gray Dugan,gdugan5v@domainmarket.com,785-624-7777,5755 Helena Trail,Topeka,Kansas,US,66642,2021-06-23,Active
213,Lola Spiniello,lspiniello5w@tuttocitta.it,561-565-8017,6107 Mcbride Terrace,West Palm Beach,Florida,US,33416,2025-04-28,Inactive
214,Ring Baudino,rbaudino5x@amazon.co.uk,704-862-5700,3299 Delaware Way,Charlotte,North Carolina,US,28220,2021-10-28,Active
215,Dani Harmson,dharmson5y@wired.com,412-171-2467,99 Moulton Point,Pittsburgh,Pennsylvania,US,15220,2024-08-27,Active
216,Meagan Abrahmovici,mabrahmovici5z@gizmodo.com,406-594-7844,342 Pond Point,Bozeman,Montana,US,59771,2024-10-14,Inactive
217,Keriann Dennant,kdennant60@bigcartel.com,203-926-6003,6 Kipling Street,Danbury,Connecticut,US,6816,2021-01-09,Inactive
218,Fredra Petrushkevich,fpetrushkevich61@china.com.cn,305-638-2108,28 Corry Alley,Hialeah,Florida,US,33018,2025-02-05,Inactive
219,Koral Mollatt,kmollatt62@php.net,504-290-2821,3135 Jackson Place,New Orleans,Louisiana,US,70124,2024-05-02,Active
220,Gweneth Record,grecord63@techcrunch.com,412-191-3094,3115 Beilfuss Point,Pittsburgh,Pennsylvania,US,15240,2024-02-29,Active
221,Hasheem Sprake,hsprake64@dailymotion.com,228-130-4942,35 Carberry Avenue,Gulfport,Mississippi,US,39505,2022-10-08,Active
222,Caressa Luigi,cluigi65@oakley.com,804-751-1152,09195 Fordem Crossing,Richmond,Virginia,US,23213,2021-04-21,Active
223,Karoly Mandrey,kmandrey66@artisteer.com,573-400-9639,820 Randy Court,Columbia,Missouri,US,65218,2024-07-27,Active
224,Ardath Chestnutt,achestnutt67@mit.edu,314-565-3771,4207 Anniversary Avenue,Saint Louis,Missouri,US,63116,2024-06-30,Inactive
225,Horatio Pettingall,hpettingall68@mozilla.com,520-432-6169,8396 Waubesa Park,Tucson,Arizona,US,85720,2021-07-05,Active
226,Lucien Casella,lcasella69@weibo.com,203-678-6485,12 Green Terrace,Stamford,Connecticut,US,6905,2021-09-13,Inactive
227,Boony Bindin,bbindin6a@ycombinator.com,818-650-1005,4612 Cascade Way,Northridge,California,US,91328,2023-10-19,Inactive
228,Ariel Nodes,anodes6b@wikispaces.com,409-843-5414,2171 Burrows Center,Spring,Texas,US,77388,2024-01-15,Inactive
229,Lizzie Kornyakov,lkornyakov6c@stanford.edu,256-525-2756,1 Judy Point,Gadsden,Alabama,US,35905,2025-01-07,Inactive
230,Cleo Bachnic,cbachnic6d@theguardian.com,502-178-2161,426 Moose Court,Frankfort,Kentucky,US,40618,2021-05-17,Active
231,Ricard Loosemore,rloosemore6e@mlb.com,626-862-0398,12 Dixon Hill,Pasadena,California,US,91199,2021-11-16,Active
232,Micheal Mullin,mmullin6f@umich.edu,213-405-3431,6 Northland Park,Los Angeles,California,US,90055,2021-07-10,Active
233,Yale Barfoot,ybarfoot6g@cmu.edu,318-566-4296,193 Gateway Alley,Shreveport,Louisiana,US,71166,2024-02-12,Inactive
234,Concettina Canavan,ccanavan6h@mayoclinic.com,864-149-5495,96 Menomonie Point,Greenville,South Carolina,US,29615,2022-07-06,Active
235,Torrie Picheford,tpicheford6i@omniture.com,502-715-9970,51 Brentwood Trail,Louisville,Kentucky,US,40280,2023-05-08,Active
236,Lance Limpertz,llimpertz6j@soup.io,813-841-2503,43 Pearson Drive,Tampa,Florida,US,33610,2022-04-24,Active
237,Eustacia Wodeland,ewodeland6k@biglobe.ne.jp,202-314-9957,46082 Kipling Circle,Washington,District of Columbia,US,20535,2023-12-21,Active
238,Robinet McLoney,rmcloney6l@mysql.com,704-322-7544,4443 Monument Avenue,Charlotte,North Carolina,US,28272,2022-05-26,Active
239,Joyan Fleetwood,jfleetwood6m@columbia.edu,954-316-0419,75513 Fieldstone Point,West Palm Beach,Florida,US,33411,2022-01-09,Inactive
240,Leela Watkinson,lwatkinson6n@myspace.com,615-183-1819,1429 Paget Point,Nashville,Tennessee,US,37235,2024-03-05,Active
241,Benedick McIlvenny,bmcilvenny6o@ihg.com,360-908-0963,2054 Surrey Terrace,Seattle,Washington,US,98158,2025-02-28,Inactive
242,Laurence MacArte,lmacarte6p@webs.com,254-132-1482,601 Fremont Road,Waco,Texas,US,76711,2021-10-22,Inactive
243,Gwenni Bruyns,gbruyns6q@yellowpages.com,712-158-1071,099 Shasta Alley,Sioux City,Iowa,US,51110,2021-11-24,Active
244,Arney Keeping,akeeping6r@typepad.com,501-762-2787,78551 Randy Street,North Little Rock,Arkansas,US,72199,2025-01-30,Inactive
245,Jana Sturney,jsturney6s@usgs.gov,859-693-6057,0927 Spohn Point,Lexington,Kentucky,US,40576,2025-05-19,Inactive
246,Brantley Margeram,bmargeram6t@reverbnation.com,310-839-6401,80131 Elgar Street,Anaheim,California,US,92805,2021-02-20,Active
247,Marietta Codlin,mcodlin6u@discuz.net,505-853-9368,0 Morning Parkway,Albuquerque,New Mexico,US,87195,2025-07-05,Active
248,Kassey Wandrich,kwandrich6v@people.com.cn,410-457-7312,72392 Kensington Drive,Baltimore,Maryland,US,21275,2021-11-30,Active
249,Arne Demke,ademke6w@pinterest.com,402-222-7587,981 Erie Park,Lincoln,Nebraska,US,68524,2025-02-03,Active
250,Wilhelmina Comport,wcomport6x@webs.com,816-102-1300,9472 Brown Place,Lees Summit,Missouri,US,64082,2025-05-15,Inactive
251,Jecho Dobbyn,jdobbyn6y@blinklist.com,540-556-0862,3 Leroy Plaza,Roanoke,Virginia,US,24048,2025-01-13,Active
252,Basia Lidgely,blidgely6z@sitemeter.com,502-235-9308,0 Farragut Way,Louisville,Kentucky,US,40280,2025-04-25,Inactive
253,Free Delgua,fdelgua70@elpais.com,816-198-4570,564 Onsgard Drive,Kansas City,Kansas,US,66112,2023-01-16,Active
254,Creigh Smart,csmart71@dailymail.co.uk,563-858-4581,805 Saint Paul Drive,Davenport,Iowa,US,52804,2021-12-27,Active
255,Henderson Dyka,hdyka72@icio.us,760-457-2032,156 Gerald Point,Escondido,California,US,92030,2023-09-03,Inactive
256,Khalil McCaskell,kmccaskell73@answers.com,704-391-1505,7493 Hoard Road,Charlotte,North Carolina,US,28242,2021-06-24,Inactive
257,Dorisa Esby,desby74@europa.eu,727-747-9993,0370 Logan Circle,Saint Petersburg,Florida,US,33715,2022-07-24,Inactive
258,Kerstin Tolchar,ktolchar75@zdnet.com,816-431-1891,6829 2nd Avenue,Kansas City,Kansas,US,66112,2025-03-10,Inactive
259,Whit Spafford,wspafford76@alibaba.com,210-603-9984,44247 East Hill,San Antonio,Texas,US,78285,2023-07-19,Inactive
260,Christian Mendenhall,cmendenhall77@opensource.org,202-813-7826,11 Mariners Cove Parkway,Washington,District of Columbia,US,20370,2023-04-06,Inactive
261,Nicolai Goody,ngoody78@sun.com,269-957-4599,26 Mallard Trail,Battle Creek,Michigan,US,49018,2021-10-15,Inactive
262,Billye Lineker,blineker79@google.cn,202-112-9334,7406 Thompson Point,Washington,District of Columbia,US,20530,2021-04-24,Inactive
263,Barbabra Picker,bpicker7a@theguardian.com,304-464-4839,23186 Loomis Drive,Morgantown,West Virginia,US,26505,2022-08-11,Active
264,Evangelin Kemet,ekemet7b@etsy.com,314-887-9893,39 Golf View Way,Saint Louis,Missouri,US,63116,2022-03-20,Inactive
265,Jerrie Thody,jthody7c@godaddy.com,503-260-7217,575 Springview Court,Portland,Oregon,US,97221,2025-06-21,Active
266,Vicky Holtham,vholtham7d@diigo.com,540-682-0692,877 American Plaza,Roanoke,Virginia,US,24004,2024-03-21,Inactive
267,Hazel Thickin,hthickin7e@comcast.net,571-329-5064,6902 3rd Alley,Alexandria,Virginia,US,22313,2024-11-20,Inactive
268,Kaitlyn Gontier,kgontier7f@dagondesign.com,303-757-0647,42068 Bayside Place,Denver,Colorado,US,80217,2023-08-18,Inactive
269,Matthew Ironside,mironside7g@amazon.co.uk,281-505-3908,38 Sundown Circle,Houston,Texas,US,77040,2022-03-15,Active
270,Fanny Jirasek,fjirasek7h@dailymotion.com,304-283-8649,1 Maywood Avenue,Charleston,West Virginia,US,25356,2022-07-31,Active
271,Ansell Earley,aearley7i@admin.ch,330-669-7485,92 Karstens Hill,Akron,Ohio,US,44329,2023-01-10,Inactive
272,Berkley Kobierra,bkobierra7j@nsw.gov.au,785-593-3825,2 Oakridge Way,Topeka,Kansas,US,66617,2023-07-21,Inactive
273,Pavlov Van Der Walt,pvan7k@booking.com,706-466-3154,563 Namekagon Park,Columbus,Georgia,US,31998,2021-11-21,Active
274,Aurlie Harman,aharman7l@smh.com.au,812-346-8498,37768 Service Street,Evansville,Indiana,US,47725,2023-11-18,Active
275,Hobard Evreux,hevreux7m@yale.edu,337-149-8978,2611 Cardinal Circle,Lake Charles,Louisiana,US,70616,2024-04-14,Inactive
276,Kendall Vondrys,kvondrys7n@studiopress.com,303-253-7895,59121 Havey Junction,Denver,Colorado,US,80270,2022-03-01,Inactive
277,Lloyd Cocozza,lcocozza7o@nifty.com,513-876-5075,7 Starling Terrace,Dayton,Ohio,US,45419,2022-01-06,Active
278,Kris Seif,kseif7p@businesswire.com,256-889-4384,60365 Dovetail Pass,Anniston,Alabama,US,36205,2023-07-28,Active
279,Libbi Yakolev,lyakolev7q@paginegialle.it,608-512-0566,293 Waxwing Court,Madison,Wisconsin,US,53779,2022-11-06,Active
280,Mireielle Dyhouse,mdyhouse7r@tinypic.com,208-235-8747,58 Summer Ridge Point,Pocatello,Idaho,US,83206,2024-04-15,Inactive
281,Jarib Fidell,jfidell7s@salon.com,336-505-4295,784 Barby Road,Winston Salem,North Carolina,US,27110,2022-03-01,Active
282,Feliza Hirjak,fhirjak7t@alexa.com,757-674-4281,82653 Shelley Plaza,Norfolk,Virginia,US,23509,2022-11-06,Active
283,Thane Poytheras,tpoytheras7u@blogtalkradio.com,201-813-4179,901 Saint Paul Alley,Newark,New Jersey,US,7112,2023-01-06,Inactive
284,Sharline Penbarthy,spenbarthy7v@netlog.com,901-310-5125,098 Reinke Crossing,Memphis,Tennessee,US,38109,2024-10-20,Inactive
285,Peri Slessar,pslessar7w@mail.ru,704-737-2943,37 Iowa Lane,Charlotte,North Carolina,US,28205,2025-03-19,Inactive
286,Dayna McLucas,dmclucas7x@google.com.br,508-886-1551,17305 Gerald Plaza,Brockton,Massachusetts,US,2405,2022-08-20,Inactive
287,Arni Nutman,anutman7y@clickbank.net,918-403-0136,1 Macpherson Drive,Tulsa,Oklahoma,US,74133,2025-01-01,Active
288,Anitra Bonifacio,abonifacio7z@nba.com,203-277-4913,44 Monument Terrace,Waterbury,Connecticut,US,6726,2023-11-12,Inactive
289,Cacilie M'Chirrie,cmchirrie80@alexa.com,509-193-0169,35 Carioca Hill,Spokane,Washington,US,99220,2021-04-22,Active
290,Clea Gunther,cgunther81@patch.com,915-905-6150,6 Esch Lane,El Paso,Texas,US,88519,2021-12-21,Active
291,Marcelline Cornils,mcornils82@google.co.uk,215-537-7727,5 Ramsey Park,Philadelphia,Pennsylvania,US,19109,2025-04-27,Active
292,Arnold Chaucer,achaucer83@mozilla.com,813-478-1520,071 Lukken Court,Tampa,Florida,US,33673,2025-07-20,Inactive
293,Verna Blais,vblais84@independent.co.uk,718-585-0277,34470 Hanover Court,Bronx,New York,US,10469,2021-01-11,Inactive
294,Kalli Sebring,ksebring85@flavors.me,605-498-7460,942 Cardinal Center,Sioux Falls,South Dakota,US,57105,2021-06-11,Inactive
295,Creighton Skitt,cskitt86@nytimes.com,202-534-2044,773 Roth Pass,Washington,District of Columbia,US,20420,2024-05-22,Active
296,Amelita Ricciardelli,aricciardelli87@pen.io,360-685-4764,278 Knutson Avenue,Vancouver,Washington,US,98682,2021-05-03,Active
297,Anatola Cowpe,acowpe88@whitehouse.gov,336-330-5594,42 Kropf Way,Winston Salem,North Carolina,US,27116,2021-07-24,Active
298,Corabella Bjorkan,cbjorkan89@harvard.edu,334-403-6778,506 Rieder Plaza,Montgomery,Alabama,US,36125,2024-01-07,Active
299,Rickie Nials,rnials8a@ibm.com,415-568-1893,5 Carberry Avenue,Oakland,California,US,94611,2022-03-21,Active
300,Elsey Calbreath,ecalbreath8b@g.co,909-966-5534,42 Kinsman Junction,San Bernardino,California,US,92405,2024-09-28,Active
301,Oliy Ivermee,oivermee8c@google.cn,718-392-8639,17713 Victoria Point,Brooklyn,New York,US,11205,2021-04-29,Active
302,Lenna Brandino,lbrandino8d@netlog.com,407-898-6099,88763 Amoth Parkway,Orlando,Florida,US,32859,2023-03-24,Inactive
303,Loria Burchmore,lburchmore8e@ocn.ne.jp,626-343-5078,6 7th Terrace,Pasadena,California,US,91117,2023-07-08,Active
304,Codie Runcie,cruncie8f@ed.gov,719-668-9462,672 Surrey Circle,Colorado Springs,Colorado,US,80940,2023-03-02,Active
305,Andreana Goffe,agoffe8g@imgur.com,417-866-3702,2975 Division Street,Springfield,Missouri,US,65805,2025-05-18,Active
306,Bone Ruger,bruger8h@domainmarket.com,914-382-0017,265 Kinsman Way,Mount Vernon,New York,US,10557,2021-08-05,Inactive
307,Norene Waddingham,nwaddingham8i@jimdo.com,612-904-2112,2383 Monterey Center,Minneapolis,Minnesota,US,55436,2024-02-03,Inactive
308,Ernest Welbeck,ewelbeck8j@pinterest.com,786-696-1526,873 Continental Street,Homestead,Florida,US,33034,2023-02-13,Inactive
309,Reilly Paddock,rpaddock8k@weebly.com,813-321-5110,6 Hintze Way,Tampa,Florida,US,33633,2024-04-30,Active
310,Shurwood Silverthorn,ssilverthorn8l@amazon.co.uk,510-686-0046,0369 Northland Crossing,Oakland,California,US,94616,2023-03-29,Active
311,Laureen Widdowes,lwiddowes8m@w3.org,765-876-8566,26221 Redwing Pass,Crawfordsville,Indiana,US,47937,2024-04-21,Inactive
312,Vivianna Balser,vbalser8n@blogger.com,347-126-4141,3867 Dovetail Court,Brooklyn,New York,US,11241,2021-09-23,Inactive
313,Ganny McAllister,gmcallister8o@geocities.jp,806-964-9789,41 Moland Junction,Lubbock,Texas,US,79405,2024-11-24,Active
314,Sonia Etherington,setherington8p@cafepress.com,806-496-2535,1948 Thompson Road,Amarillo,Texas,US,79105,2024-03-10,Active
315,Laural Fenlon,lfenlon8q@adobe.com,419-181-4587,57 Garrison Court,Toledo,Ohio,US,43656,2022-05-30,Inactive
316,Britte Standage,bstandage8r@spiegel.de,702-325-6389,83399 Longview Lane,Las Vegas,Nevada,US,89193,2021-05-14,Inactive
317,Pembroke Mattheeuw,pmattheeuw8s@theguardian.com,520-946-0682,285 Calypso Street,Tucson,Arizona,US,85754,2021-08-08,Inactive
318,Drucie Blondelle,dblondelle8t@go.com,978-731-1313,1 Dakota Alley,Boston,Massachusetts,US,2119,2024-01-13,Active
319,Jackquelin Cicchetto,jcicchetto8u@free.fr,816-666-8452,9 Northfield Way,Kansas City,Missouri,US,64142,2024-11-28,Active
320,Peg Laweles,plaweles8v@skyrock.com,407-154-1519,92 Anhalt Park,Orlando,Florida,US,32859,2023-02-17,Inactive
321,Westley Cornier,wcornier8w@mtv.com,856-352-3346,78680 Del Sol Street,Camden,New Jersey,US,8104,2023-10-25,Inactive
322,Lynnet Dreinan,ldreinan8x@dagondesign.com,612-435-7769,935 Lerdahl Street,Minneapolis,Minnesota,US,55446,2022-07-21,Inactive
323,Blair Thurlbourne,bthurlbourne8y@paypal.com,212-176-6955,3 Lawn Terrace,New York City,New York,US,10029,2025-07-23,Inactive
324,Jamie Winslet,jwinslet8z@ocn.ne.jp,863-946-9313,91850 Towne Terrace,Lakeland,Florida,US,33811,2021-05-01,Inactive
325,Brunhilda Rilston,brilston90@geocities.com,410-394-1947,14295 Debra Park,Baltimore,Maryland,US,21275,2023-01-28,Active
326,Fern Furlow,ffurlow91@buzzfeed.com,805-313-9356,50 Kedzie Court,San Mateo,California,US,94405,2023-04-11,Inactive
327,Amabelle Erskine,aerskine92@nps.gov,559-729-0485,52 Acker Crossing,Fullerton,California,US,92640,2021-11-26,Active
328,Vladamir Bentame,vbentame93@pagesperso-orange.fr,202-526-7425,11 Hanson Trail,Washington,District of Columbia,US,20420,2024-03-22,Inactive
329,Ingra Chavez,ichavez94@mail.ru,256-974-9307,09296 Valley Edge Place,Huntsville,Alabama,US,35895,2023-11-01,Active
330,Filippa Harms,fharms95@harvard.edu,404-943-9703,6 Lake View Park,Atlanta,Georgia,US,30386,2024-06-10,Active
331,Zebedee Trye,ztrye96@nyu.edu,239-697-0404,7 Reindahl Terrace,Fort Myers,Florida,US,33994,2023-03-02,Active
332,Timmy Dessant,tdessant97@miibeian.gov.cn,972-535-8474,2 Corscot Court,Dallas,Texas,US,75251,2021-07-05,Inactive
333,Piggy Stave,pstave98@usgs.gov,202-146-8188,17 Homewood Road,Washington,District of Columbia,US,20078,2021-02-19,Active
334,Constantino Eva,ceva99@behance.net,301-173-7279,8659 Debra Parkway,Rockville,Maryland,US,20851,2021-01-16,Active
335,Leeanne McIlherran,lmcilherran9a@wp.com,313-121-8826,4 Florence Park,Detroit,Michigan,US,48242,2021-02-18,Active
336,Zebulon Goldsworthy,zgoldsworthy9b@infoseek.co.jp,917-756-2661,1 Hauk Trail,New York City,New York,US,10280,2025-01-30,Inactive
337,Gusty Simonitto,gsimonitto9c@so-net.ne.jp,404-140-4271,099 Clemons Junction,Atlanta,Georgia,US,30356,2021-04-04,Active
338,Dalt Shyram,dshyram9d@usgs.gov,214-646-5810,1961 Carey Center,Dallas,Texas,US,75265,2023-08-18,Active
339,Shanna Radwell,sradwell9e@uol.com.br,352-302-8417,4 Waubesa Drive,Gainesville,Florida,US,32627,2021-09-07,Active
340,Calida Broadbere,cbroadbere9f@go.com,209-728-3211,1929 Lighthouse Bay Avenue,Modesto,California,US,95397,2021-09-05,Active
341,Trisha Jobke,tjobke9g@nyu.edu,305-814-4091,82893 Pennsylvania Point,Miami,Florida,US,33134,2024-11-15,Active
342,Janel Dymick,jdymick9h@sciencedirect.com,281-530-2660,2558 Grayhawk Way,Houston,Texas,US,77065,2021-11-12,Active
343,Sky Baly,sbaly9i@yahoo.co.jp,773-394-2832,95829 Glendale Hill,Chicago,Illinois,US,60614,2023-10-19,Inactive
344,Madeleine Spinage,mspinage9j@ameblo.jp,520-478-9445,0117 Harbort Street,Tucson,Arizona,US,85754,2024-10-20,Inactive
345,Lexy O'Hederscoll,lohederscoll9k@com.com,210-700-8832,7507 Crowley Road,San Antonio,Texas,US,78296,2025-03-20,Inactive
346,Lennie Buckthorpe,lbuckthorpe9l@bizjournals.com,702-383-1636,3359 Dakota Plaza,Las Vegas,Nevada,US,89135,2023-02-21,Active
347,Annie Congram,acongram9m@skyrock.com,212-234-6832,85 South Point,New York City,New York,US,10039,2024-03-10,Active
348,Karney Leonardi,kleonardi9n@hubpages.com,262-419-5164,1 Erie Drive,Racine,Wisconsin,US,53405,2025-03-07,Inactive
349,Beitris Cloake,bcloake9o@irs.gov,775-985-2102,95 Mayfield Avenue,Carson City,Nevada,US,89706,2022-11-22,Inactive
350,Rosalynd Brookfield,rbrookfield9p@wiley.com,773-492-3262,376 Bay Crossing,Chicago,Illinois,US,60641,2024-11-20,Inactive
351,Xylina Cutts,xcutts9q@joomla.org,646-103-4483,1126 Anzinger Park,New York City,New York,US,10009,2024-10-02,Inactive
352,Den De Caroli,dde9r@studiopress.com,509-185-8927,69642 5th Trail,Spokane,Washington,US,99210,2022-03-03,Inactive
353,Teresita Dowsett,tdowsett9s@wikipedia.org,208-256-2029,53879 Park Meadow Park,Idaho Falls,Idaho,US,83405,2023-11-01,Active
354,Kizzee Tayler,ktayler9t@amazon.co.uk,316-375-5440,15321 Elmside Junction,Wichita,Kansas,US,67260,2022-11-15,Inactive
355,Rebbecca Shillum,rshillum9u@smugmug.com,817-464-5507,8 Westerfield Plaza,Fort Worth,Texas,US,76134,2021-07-26,Inactive
356,Caleb Cockcroft,ccockcroft9v@telegraph.co.uk,502-434-7233,40 Vermont Trail,Louisville,Kentucky,US,40233,2024-12-24,Active
357,Bourke Garlant,bgarlant9w@imdb.com,412-303-0359,58699 Sheridan Lane,Pittsburgh,Pennsylvania,US,15220,2024-11-15,Inactive
358,Arlyn Skain,askain9x@cbc.ca,810-553-6651,31081 Sheridan Street,Warren,Michigan,US,48092,2021-01-28,Inactive
359,Seline Iannetti,siannetti9y@nyu.edu,626-292-4812,57 Dapin Hill,Alhambra,California,US,91841,2024-08-10,Active
360,Alex Sliman,asliman9z@columbia.edu,830-392-4537,2033 American Parkway,San Antonio,Texas,US,78260,2021-02-11,Active
361,Sabina Brisco,sbriscoa0@sciencedaily.com,213-649-9299,10256 Golf Course Center,Los Angeles,California,US,90087,2023-11-22,Inactive
362,Trevar Tukesby,ttukesbya1@arstechnica.com,817-898-5269,02428 Bunting Trail,Arlington,Texas,US,76096,2021-12-03,Active
363,Gabrila Slimon,gslimona2@taobao.com,503-534-4586,4 Carpenter Drive,Portland,Oregon,US,97296,2022-10-10,Active
364,Alyse Leonardi,aleonardia3@stumbleupon.com,562-248-1071,73721 Bashford Junction,Long Beach,California,US,90831,2021-05-05,Active
365,Elana Nelsey,enelseya4@google.cn,312-219-4403,99368 Gale Terrace,Chicago,Illinois,US,60641,2024-03-26,Inactive
366,Roslyn Sapsforde,rsapsfordea5@hud.gov,808-578-1631,3082 Vidon Junction,Honolulu,Hawaii,US,96825,2024-04-12,Active
367,Cassandra Trevon,ctrevona6@cnet.com,202-641-4855,299 Mockingbird Junction,Washington,District of Columbia,US,20078,2023-09-16,Inactive
368,Cad Issacov,cissacova7@dagondesign.com,520-157-9182,5 Schlimgen Road,Tucson,Arizona,US,85725,2022-03-04,Inactive
369,Tris Brahan,tbrahana8@businessweek.com,281-247-0489,582 Manley Place,Pasadena,Texas,US,77505,2021-03-17,Active
370,Wildon Coch,wcocha9@gov.uk,812-857-0600,848 Kenwood Lane,Evansville,Indiana,US,47719,2022-08-06,Inactive
371,Dalt Solleme,dsollemeaa@harvard.edu,505-259-9933,93 Milwaukee Street,Albuquerque,New Mexico,US,87190,2023-08-12,Inactive
372,Jud Halsted,jhalstedab@businessweek.com,804-196-2482,59227 Butternut Park,Richmond,Virginia,US,23242,2023-02-20,Inactive
373,Aline Sleney,asleneyac@printfriendly.com,614-408-1163,7840 Derek Trail,Columbus,Ohio,US,43226,2025-05-04,Active
374,Casper Von Welldun,cvonad@sun.com,918-695-4247,20161 Merry Junction,Tulsa,Oklahoma,US,74156,2023-08-23,Inactive
375,Nichol Martinet,nmartinetae@dyndns.org,505-869-2804,96 Milwaukee Point,Santa Fe,New Mexico,US,87505,2022-08-25,Inactive
376,Lacee Blondelle,lblondelleaf@ifeng.com,510-763-9120,822 Village Green Terrace,Berkeley,California,US,94712,2024-10-19,Active
377,Charin Eliassen,celiassenag@sun.com,651-694-7181,5 Londonderry Junction,Minneapolis,Minnesota,US,55407,2022-09-11,Active
378,Georgette Brankley,gbrankleyah@1688.com,757-438-8447,357 Ohio Way,Virginia Beach,Virginia,US,23454,2022-10-10,Inactive
379,Frayda Shearstone,fshearstoneai@chicagotribune.com,301-509-9630,9165 Village Green Alley,Baltimore,Maryland,US,21203,2024-04-08,Active
380,Kirk O'Canavan,kocanavanaj@yahoo.com,909-990-6877,89 Randy Place,San Bernardino,California,US,92424,2024-02-21,Active
381,Zuzana Pepperell,zpepperellak@oakley.com,806-626-6699,56 Briar Crest Street,Amarillo,Texas,US,79165,2025-04-16,Inactive
382,Freeman Jouhandeau,fjouhandeaual@about.com,706-328-5118,36012 Dawn Alley,Athens,Georgia,US,30605,2025-02-15,Inactive
383,Pepito Sutherley,psutherleyam@1688.com,206-469-0572,8 Eastlawn Hill,Seattle,Washington,US,98175,2024-11-22,Active
384,Mersey Scurrey,mscurreyan@cnet.com,602-748-8082,01220 Steensland Crossing,Phoenix,Arizona,US,85040,2022-02-03,Active
385,Lusa Tonry,ltonryao@cmu.edu,916-289-2827,8 Karstens Center,Sacramento,California,US,95838,2022-07-18,Inactive
386,Poppy De la Harpe,pdeap@xinhuanet.com,612-484-2988,379 Lindbergh Hill,Minneapolis,Minnesota,US,55448,2024-05-04,Inactive
387,Godwin McNaught,gmcnaughtaq@arstechnica.com,714-314-2306,8 Anniversary Pass,Newport Beach,California,US,92662,2023-10-20,Inactive
388,Ashbey Povlsen,apovlsenar@istockphoto.com,305-125-6333,314 Hallows Crossing,Hialeah,Florida,US,33013,2021-03-10,Active
389,Jeanne Carette,jcaretteas@51.la,504-279-7327,90835 North Circle,New Orleans,Louisiana,US,70142,2021-09-07,Inactive
390,Kissiah Mannie,kmannieat@whitehouse.gov,720-850-9688,927 Petterle Avenue,Littleton,Colorado,US,80126,2022-07-11,Inactive
391,Phaidra Philippault,pphilippaultau@opera.com,704-327-8543,3 Kedzie Point,Charlotte,North Carolina,US,28235,2023-05-02,Inactive
392,Salli Pischoff,spischoffav@tamu.edu,313-819-2423,7 Mifflin Street,Detroit,Michigan,US,48211,2025-02-02,Inactive
393,Arly Di Bernardo,adiaw@bloglovin.com,678-622-9388,71 Nancy Park,Gainesville,Georgia,US,30506,2025-03-04,Active
394,Vance Keelan,vkeelanax@independent.co.uk,916-329-3848,9 Anderson Court,Sacramento,California,US,94273,2024-05-19,Active
395,Lynnett Slaymaker,lslaymakeray@google.it,865-177-5805,15589 Welch Place,Knoxville,Tennessee,US,37924,2024-02-15,Active
396,Lester Yapp,lyappaz@tumblr.com,512-792-6707,2445 Arapahoe Road,Austin,Texas,US,78726,2021-09-08,Inactive
397,Lorianne Booker,lbookerb0@hatena.ne.jp,615-549-8074,8 Ryan Place,Nashville,Tennessee,US,37205,2021-07-21,Active
398,Gwenore Epton,geptonb1@wp.com,615-305-8912,5830 Express Way,Memphis,Tennessee,US,38104,2023-07-27,Active
399,Chrotoem Townend,ctownendb2@surveymonkey.com,701-266-4249,7 Michigan Alley,Fargo,North Dakota,US,58106,2023-08-19,Active
400,Mitchell Farrance,mfarranceb3@xinhuanet.com,757-584-4296,5990 Crest Line Point,Norfolk,Virginia,US,23504,2025-04-01,Active
401,Caprice Kirkam,ckirkamb4@bing.com,786-102-1866,4 Summer Ridge Lane,Miami,Florida,US,33169,2023-03-10,Inactive
402,Tyne Nethercott,tnethercottb5@jigsy.com,763-708-5682,30 Morningstar Court,Maple Plain,Minnesota,US,55572,2022-07-16,Active
403,Eli Showl,eshowlb6@loc.gov,773-451-2668,1 Menomonie Crossing,Chicago,Illinois,US,60657,2023-05-13,Inactive
404,Benedicto Bohey,bboheyb7@noaa.gov,415-420-9353,59927 Londonderry Crossing,San Francisco,California,US,94159,2021-03-25,Active
405,Nikolos Wontner,nwontnerb8@engadget.com,253-577-4125,62548 Arapahoe Lane,Tacoma,Washington,US,98447,2022-03-18,Inactive
406,Kaia See,kseeb9@time.com,612-189-1797,07 Merry Drive,Minneapolis,Minnesota,US,55428,2022-01-28,Active
407,Tresa Smurfitt,tsmurfittba@friendfeed.com,585-566-0487,5865 Commercial Trail,Rochester,New York,US,14639,2021-08-31,Inactive
408,Terrijo Brandes,tbrandesbb@theatlantic.com,651-367-6548,97 Express Hill,Saint Paul,Minnesota,US,55146,2024-03-25,Active
409,Devy Guido,dguidobc@howstuffworks.com,774-965-5604,87 Homewood Alley,Waltham,Massachusetts,US,2453,2025-02-19,Active
410,Sidonia Surphliss,ssurphlissbd@cnet.com,206-861-2274,7593 Holy Cross Lane,Seattle,Washington,US,98140,2025-07-09,Inactive
411,Addi Casseldine,acasseldinebe@exblog.jp,816-607-8972,17823 Barnett Hill,Kansas City,Missouri,US,64114,2024-05-19,Inactive
412,Rhodie Whitmarsh,rwhitmarshbf@seattletimes.com,802-624-1552,84706 Lien Street,Montpelier,Vermont,US,5609,2022-08-25,Inactive
413,Mavis Masselin,mmasselinbg@blogs.com,319-303-3013,6515 Moland Lane,Cedar Rapids,Iowa,US,52405,2022-05-13,Active
414,Jonell Owbridge,jowbridgebh@linkedin.com,813-563-6275,85 Village Crossing,Clearwater,Florida,US,33758,2022-07-02,Active
415,Berkie Wimlett,bwimlettbi@blogs.com,303-990-3265,1311 Meadow Ridge Avenue,Englewood,Colorado,US,80150,2023-12-27,Inactive
416,Valenka Blaisdale,vblaisdalebj@tuttocitta.it,253-981-8847,92544 Mallory Street,Tacoma,Washington,US,98405,2023-12-27,Inactive
417,Romy Paz,rpazbk@msu.edu,515-811-5667,8928 Starling Circle,Des Moines,Iowa,US,50310,2023-10-30,Inactive
418,Lexy Bellord,lbellordbl@oakley.com,901-636-5073,4 6th Circle,Memphis,Tennessee,US,38119,2024-11-18,Active
419,Karoly Tinton,ktintonbm@comcast.net,361-817-0178,3 Messerschmidt Hill,Corpus Christi,Texas,US,78465,2021-07-04,Inactive
420,Marga Linthead,mlintheadbn@boston.com,907-324-2129,8907 Northport Trail,Fairbanks,Alaska,US,99709,2022-07-30,Inactive
421,Davida Shimmin,dshimminbo@si.edu,626-558-1741,2 American Way,Alhambra,California,US,91841,2025-07-31,Active
422,Ede Lacky,elackybp@github.com,805-993-4375,5 Longview Crossing,San Luis Obispo,California,US,93407,2022-03-04,Active
423,Hermione Jedrasik,hjedrasikbq@google.ca,509-310-7440,0 Arrowood Trail,Yakima,Washington,US,98907,2021-09-25,Inactive
424,Lacee Salmon,lsalmonbr@constantcontact.com,504-521-8023,22 Rowland Street,New Orleans,Louisiana,US,70183,2022-07-14,Inactive
425,Corny Heddy,cheddybs@house.gov,218-123-6989,929 Forest Plaza,Duluth,Minnesota,US,55811,2024-11-07,Active
426,Felicity Sotheron,fsotheronbt@mtv.com,281-818-4421,4 Burning Wood Terrace,Houston,Texas,US,77293,2022-06-15,Active
427,Toinette Oppie,toppiebu@dailymotion.com,210-379-7785,628 Orin Street,San Antonio,Texas,US,78210,2022-06-05,Active
428,Burlie Aleswell,baleswellbv@army.mil,225-319-0628,23 Red Cloud Avenue,Baton Rouge,Louisiana,US,70826,2021-09-13,Inactive
429,Averil Willingale,awillingalebw@tamu.edu,651-737-5614,1 Namekagon Circle,Saint Paul,Minnesota,US,55166,2022-07-13,Inactive
430,Levey Bernardotti,lbernardottibx@theatlantic.com,719-518-6769,94959 Kipling Crossing,Colorado Springs,Colorado,US,80905,2024-07-31,Active
431,Townsend Glanders,tglandersby@diigo.com,309-358-9696,2856 Lindbergh Court,Peoria,Illinois,US,61635,2024-09-10,Active
432,Dickie Papworth,dpapworthbz@hostgator.com,317-538-9842,24 Hazelcrest Center,Indianapolis,Indiana,US,46207,2022-10-23,Active
433,Cindra Kubas,ckubasc0@weibo.com,212-642-8877,1675 Lillian Avenue,Brooklyn,New York,US,11247,2023-12-24,Inactive
434,Hewie Raisher,hraisherc1@e-recht24.de,850-586-6868,56171 Hansons Court,Pensacola,Florida,US,32575,2024-01-17,Active
435,Willabella Cron,wcronc2@google.cn,312-989-9878,44 Shelley Hill,Chicago,Illinois,US,60624,2022-09-24,Active
436,Melisande Hinchcliffe,mhinchcliffec3@gnu.org,316-369-7167,54 Graceland Circle,Wichita,Kansas,US,67215,2021-12-10,Inactive
437,Eugine Langcaster,elangcasterc4@myspace.com,720-508-4905,7 Susan Avenue,Denver,Colorado,US,80204,2024-10-25,Active
438,Jaye Thrush,jthrushc5@nps.gov,909-242-4755,4 Havey Way,San Bernardino,California,US,92424,2023-02-25,Inactive
439,Elisabetta Hickenbottom,ehickenbottomc6@mysql.com,323-698-6661,4496 Orin Avenue,Los Angeles,California,US,90015,2022-07-29,Active
440,Bret Mainds,bmaindsc7@fc2.com,804-880-2805,8 Fairview Point,Richmond,Virginia,US,23242,2022-02-09,Inactive
441,Kaitlin Kondratowicz,kkondratowiczc8@scribd.com,907-649-3086,97850 Fremont Way,Anchorage,Alaska,US,99522,2023-06-26,Inactive
442,Raffarty Hylands,rhylandsc9@si.edu,210-121-1273,6 Anniversary Lane,San Antonio,Texas,US,78265,2024-07-01,Inactive
443,Sheryl Mariotte,smariotteca@washington.edu,903-456-0173,26012 Valley Edge Alley,Tyler,Texas,US,75710,2025-05-10,Active
444,Mirabel Shury,mshurycb@amazonaws.com,732-591-1576,36822 Armistice Drive,New Brunswick,New Jersey,US,8922,2023-10-11,Active
445,Gibbie Bradman,gbradmancc@apache.org,903-490-5384,814 Granby Court,Longview,Texas,US,75605,2022-09-28,Active
446,Tomaso Garces,tgarcescd@com.com,619-944-0199,8 Oak Drive,San Diego,California,US,92191,2022-07-19,Inactive
447,Amby Dewhurst,adewhurstce@cmu.edu,253-534-1392,66758 Center Parkway,Tacoma,Washington,US,98424,2022-05-11,Inactive
448,Taylor Noyes,tnoyescf@loc.gov,610-972-7084,54 Sutteridge Point,Reading,Pennsylvania,US,19605,2022-08-29,Active
449,Moishe McAllan,mmcallancg@istockphoto.com,615-137-2932,47156 Graceland Drive,Nashville,Tennessee,US,37210,2023-11-14,Inactive
450,Rodrick Absalom,rabsalomch@bing.com,404-807-2265,65608 Walton Place,Atlanta,Georgia,US,30386,2022-11-05,Inactive
451,Isidore McAlarney,imcalarneyci@amazonaws.com,212-628-8199,31724 Ronald Regan Way,New York City,New York,US,10184,2021-07-29,Active
452,Symon Dollard,sdollardcj@bloglines.com,734-719-4932,17908 Moland Plaza,Dearborn,Michigan,US,48126,2021-06-24,Active
453,Toddie Windaybank,twindaybankck@wix.com,513-311-5593,0442 Schmedeman Alley,Cincinnati,Ohio,US,45233,2023-04-16,Active
454,Hubey Scoble,hscoblecl@twitter.com,503-300-0119,7 Kennedy Circle,Portland,Oregon,US,97216,2024-01-09,Active
455,Paul Legerwood,plegerwoodcm@narod.ru,504-954-2422,823 Scofield Trail,New Orleans,Louisiana,US,70142,2022-06-19,Inactive
456,Cathe Eschalette,ceschalettecn@un.org,501-233-9224,911 Badeau Court,Little Rock,Arkansas,US,72215,2021-05-25,Active
457,Tanner Cord,tcordco@ocn.ne.jp,213-160-0602,0422 Ridgeview Lane,Los Angeles,California,US,90030,2025-04-28,Inactive
458,Guinevere Lowden,glowdencp@jimdo.com,850-885-5455,15661 Spaight Junction,Pensacola,Florida,US,32505,2021-03-07,Active
459,Allianora Dyble,adyblecq@ask.com,480-942-5682,3 Ridge Oak Way,Mesa,Arizona,US,85205,2024-09-23,Active
460,Sherm Hardwick,shardwickcr@latimes.com,720-729-4210,07 Fallview Trail,Boulder,Colorado,US,80305,2025-01-18,Active
461,Roshelle Losemann,rlosemanncs@github.io,213-895-6065,5110 Katie Park,Van Nuys,California,US,91499,2021-11-10,Inactive
462,Albrecht Roderighi,aroderighict@nifty.com,619-408-9497,1396 Homewood Terrace,San Diego,California,US,92145,2022-05-10,Inactive
463,Corry Goodsir,cgoodsircu@earthlink.net,704-610-3924,35 Brown Pass,Charlotte,North Carolina,US,28220,2023-05-25,Active
464,Tedd Goatcher,tgoatchercv@sfgate.com,831-134-2894,389 Farmco Trail,Santa Cruz,California,US,95064,2021-11-24,Active
465,Rina Flaubert,rflaubertcw@businesswire.com,571-265-8392,3 Debra Road,Dulles,Virginia,US,20189,2022-08-02,Active
466,Briant Swanwick,bswanwickcx@google.co.uk,302-873-7720,777 3rd Lane,Wilmington,Delaware,US,19810,2022-12-23,Inactive
467,Ferdinand Birt,fbirtcy@indiegogo.com,719-777-8538,67649 Ridgeview Park,Colorado Springs,Colorado,US,80951,2022-07-04,Inactive
468,Murielle Rubenov,mrubenovcz@uol.com.br,804-103-5970,83 Menomonie Terrace,Richmond,Virginia,US,23208,2023-01-25,Active
469,Aloysia Pirdy,apirdyd0@icq.com,707-542-9502,9 New Castle Way,Petaluma,California,US,94975,2024-01-02,Active
470,Bertie Birchenough,bbirchenoughd1@devhub.com,915-356-5263,99227 Lakewood Gardens Drive,El Paso,Texas,US,79945,2022-09-14,Inactive
471,Adah Aleavy,aaleavyd2@pen.io,915-765-4743,5 Northwestern Place,El Paso,Texas,US,88525,2024-09-10,Active
472,Elwin Neasham,eneashamd3@usnews.com,619-525-3530,5 Sachs Pass,San Diego,California,US,92196,2021-09-07,Inactive
473,Fin Supple,fsuppled4@alexa.com,860-701-5241,24355 Dayton Terrace,Hartford,Connecticut,US,6152,2025-05-01,Active
474,Silvie Ramstead,sramsteadd5@japanpost.jp,816-943-0415,972 Butterfield Way,Kansas City,Missouri,US,64193,2022-07-20,Active
475,Meredith Nuccii,mnucciid6@craigslist.org,614-165-1636,21 Steensland Way,Columbus,Ohio,US,43284,2024-06-29,Inactive
476,Jake Ellsworthe,jellsworthed7@npr.org,971-898-4086,69 Clemons Pass,Portland,Oregon,US,97229,2024-05-21,Inactive
477,Clea Pasley,cpasleyd8@twitter.com,202-949-0121,9449 Stone Corner Junction,Washington,District of Columbia,US,20370,2022-11-22,Active
478,Staci Rivers,sriversd9@infoseek.co.jp,407-421-2065,4 Badeau Crossing,Orlando,Florida,US,32835,2021-07-24,Active
479,Lane Rickets,lricketsda@slideshare.net,850-573-8244,0 Mariners Cove Pass,Pensacola,Florida,US,32520,2022-06-27,Active
480,Alix Haggart,ahaggartdb@php.net,509-513-6073,6997 Ridgeway Park,Yakima,Washington,US,98907,2024-06-19,Inactive
481,Hildagard Prosek,hprosekdc@ebay.com,713-487-2346,5 Burning Wood Avenue,Houston,Texas,US,77260,2023-08-09,Inactive
482,Issie Silcox,isilcoxdd@miibeian.gov.cn,518-445-6083,1 Sunfield Plaza,Albany,New York,US,12232,2023-05-21,Active
483,Babbette Bolte,bboltede@unicef.org,203-930-7585,927 Northwestern Crossing,Fairfield,Connecticut,US,6825,2023-11-14,Active
484,Clara Russ,crussdf@stanford.edu,702-692-1724,13318 Forest Run Center,Las Vegas,Nevada,US,89140,2022-10-03,Inactive
485,Gunar McCrossan,gmccrossandg@biblegateway.com,713-840-3063,3736 Hanson Circle,Houston,Texas,US,77060,2023-01-17,Inactive
486,Alf Longfut,alongfutdh@nydailynews.com,215-940-7274,65384 Thackeray Circle,Philadelphia,Pennsylvania,US,19178,2022-02-08,Active
487,Audy Trodden,atroddendi@chron.com,786-882-6040,996 Hintze Place,Miami,Florida,US,33147,2025-03-06,Inactive
488,Rowney Dumberrill,rdumberrilldj@cisco.com,520-900-2644,0939 Katie Place,Prescott,Arizona,US,86305,2022-02-17,Active
489,Ernesto Johnes,ejohnesdk@pen.io,203-101-0864,1554 Hansons Park,Bridgeport,Connecticut,US,6673,2025-03-24,Active
490,Christye Eagger,ceaggerdl@drupal.org,203-257-3370,6603 Haas Drive,Norwalk,Connecticut,US,6854,2023-01-09,Active
491,Shaine Leaman,sleamandm@digg.com,404-739-8526,7 Dennis Point,Atlanta,Georgia,US,30386,2023-09-30,Inactive
492,Meagan Epgrave,mepgravedn@discovery.com,814-275-9934,91 Westridge Drive,Erie,Pennsylvania,US,16510,2025-05-13,Active
493,Dotty Davitt,ddavittdo@ask.com,704-976-9667,3973 Norway Maple Hill,Charlotte,North Carolina,US,28272,2023-04-19,Active
494,Dorrie Stain,dstaindp@ebay.co.uk,312-118-8266,93 Magdeline Street,Chicago,Illinois,US,60691,2023-02-20,Active
495,Alysia Stag,astagdq@unicef.org,310-178-9464,9459 Thackeray Circle,Inglewood,California,US,90310,2023-03-05,Inactive
496,Reba Sambiedge,rsambiedgedr@printfriendly.com,562-869-7685,3551 Little Fleur Junction,Long Beach,California,US,90847,2024-07-22,Inactive
497,Anne Warlock,awarlockds@plala.or.jp,202-656-2400,3504 Menomonie Point,Washington,District of Columbia,US,20397,2022-02-11,Inactive
498,Wynne Seemmonds,wseemmondsdt@edublogs.org,320-570-1782,185 Park Meadow Lane,Saint Cloud,Minnesota,US,56398,2023-06-18,Inactive
499,Sandie Rawcliff,srawcliffdu@google.fr,559-732-0835,19642 Forest Dale Avenue,Fullerton,California,US,92640,2023-09-05,Active
500,Jilly Lorain,jloraindv@eventbrite.com,203-272-3917,8002 Ruskin Park,Stamford,Connecticut,US,6922,2024-06-12,Inactive
501,Nevile Ramiro,nramirodw@yolasite.com,412-669-5534,7 Novick Way,Pittsburgh,Pennsylvania,US,15286,2024-06-16,Inactive
502,Hillie Sawers,hsawersdx@ftc.gov,302-386-7484,784 Mesta Pass,Wilmington,Delaware,US,19805,2021-10-08,Active
503,Malchy Cleeton,mcleetondy@walmart.com,570-122-0318,11436 Garrison Trail,Wilkes Barre,Pennsylvania,US,18706,2024-03-31,Active
504,Gael Pellington,gpellingtondz@free.fr,612-389-6588,19 Valley Edge Circle,Minneapolis,Minnesota,US,55428,2025-06-13,Inactive
505,Kym Olohan,kolohane0@fema.gov,304-725-7400,4 Jenifer Trail,Huntington,West Virginia,US,25711,2021-11-11,Inactive
506,Teddy Folley,tfolleye1@creativecommons.org,713-113-9677,8478 Stone Corner Court,Houston,Texas,US,77271,2021-12-21,Inactive
507,Anjela Brenston,abrenstone2@whitehouse.gov,910-174-5675,41141 Spaight Plaza,Wilmington,North Carolina,US,28410,2024-02-01,Active
508,Bronson Moresby,bmoresbye3@w3.org,954-548-6007,9714 Dixon Junction,Hollywood,Florida,US,33028,2022-05-31,Inactive
509,Ruthe Lacelett,rlacelette4@wiley.com,917-180-0544,1005 Esker Way,Bronx,New York,US,10464,2023-08-19,Inactive
510,Euell Gregor,egregore5@europa.eu,415-601-5616,7 Shasta Trail,San Francisco,California,US,94137,2021-09-12,Inactive
511,Joann Antonazzi,jantonazzie6@oakley.com,260-327-3226,31749 Ohio Hill,Fort Wayne,Indiana,US,46896,2022-10-23,Active
512,Farlay Gothup,fgothupe7@sakura.ne.jp,334-333-9635,87364 Sycamore Pass,Montgomery,Alabama,US,36104,2025-03-27,Active
513,Elfreda Prier,epriere8@google.nl,704-550-2820,8 Harper Point,Charlotte,North Carolina,US,28247,2025-06-29,Active
514,Bartolemo Couves,bcouvese9@google.com.hk,425-551-4932,55 Kinsman Point,Seattle,Washington,US,98115,2023-05-03,Active
515,Bradford Kaaskooper,bkaaskooperea@google.ca,608-566-6805,56 Daystar Park,Madison,Wisconsin,US,53785,2025-01-25,Active
516,Sherill Bruniges,sbrunigeseb@hostgator.com,682-103-0872,989 Melrose Court,Fort Worth,Texas,US,76192,2024-02-16,Active
517,Janina Symes,jsymesec@ycombinator.com,718-975-5809,12598 Atwood Center,Flushing,New York,US,11355,2022-02-06,Inactive
518,Hersh Stelli,hstellied@mac.com,619-372-0867,2599 Dovetail Pass,San Diego,California,US,92186,2024-04-10,Inactive
519,Chevalier McWhirter,cmcwhirteree@51.la,-2937,5636 Dawn Avenue,Pittsburgh,Pennsylvania,US,15266,2021-06-03,Inactive
520,Manolo Oxbe,moxbeef@topsy.com,915-222-5320,998 Anderson Plaza,El Paso,Texas,US,79940,2023-11-02,Inactive
521,Theda Halfacre,thalfacreeg@linkedin.com,417-646-7992,3407 Judy Parkway,Springfield,Missouri,US,65805,2024-10-07,Active
522,Octavius Wones,owoneseh@sun.com,920-448-2061,246 Menomonie Way,Green Bay,Wisconsin,US,54313,2023-08-02,Inactive
523,Luci Ferraretto,lferrarettoei@mozilla.com,240-888-6834,04478 Sullivan Lane,Frederick,Maryland,US,21705,2025-03-16,Active
524,Scotti Alpes,salpesej@spotify.com,952-873-8261,296 Trailsway Park,Minneapolis,Minnesota,US,55407,2023-12-20,Inactive
525,Nomi Spilling,nspillingek@sfgate.com,253-616-5804,2 Cordelia Terrace,Tacoma,Washington,US,98464,2022-10-07,Active
526,Basilius Pettengell,bpettengellel@netvibes.com,915-638-8047,62 Schiller Trail,El Paso,Texas,US,88553,2021-11-10,Inactive
527,Douglas Castelin,dcastelinem@berkeley.edu,714-564-0770,2 Colorado Avenue,Anaheim,California,US,92825,2021-08-17,Inactive
528,Cornelia Cossans,ccossansen@google.nl,313-794-3912,2975 Leroy Way,Detroit,Michigan,US,48275,2022-08-06,Inactive
529,Jared Rapaport,jrapaporteo@marriott.com,919-761-1665,08544 New Castle Point,Raleigh,North Carolina,US,27635,2024-10-14,Inactive
530,Wileen Poile,wpoileep@nymag.com,763-812-4580,4557 Grim Parkway,Monticello,Minnesota,US,55585,2023-05-09,Inactive
531,Elmer Braunthal,ebraunthaleq@mail.ru,214-237-9623,3306 Nancy Center,Dallas,Texas,US,75397,2021-12-30,Active
532,Geralda Fortin,gfortiner@barnesandnoble.com,360-111-6872,913 Cambridge Way,Olympia,Washington,US,98516,2021-11-12,Active
533,Charla Hasley,chasleyes@accuweather.com,408-589-7834,091 Continental Court,San Jose,California,US,95138,2023-05-13,Inactive
534,Astrix Windibank,awindibanket@twitpic.com,510-481-6878,7631 Russell Court,Oakland,California,US,94622,2023-04-17,Inactive
535,Filberto Cobbled,fcobbledeu@dedecms.com,505-360-1391,3579 Becker Place,Albuquerque,New Mexico,US,87201,2022-07-06,Inactive
536,Lane Blasl,lblaslev@eventbrite.com,414-185-0670,24877 Charing Cross Parkway,Milwaukee,Wisconsin,US,53234,2023-12-12,Inactive
537,Kathrine Harsant,kharsantew@photobucket.com,970-354-6997,99 Linden Court,Greeley,Colorado,US,80638,2022-02-26,Active
538,Hewie Skillen,hskillenex@imgur.com,702-933-9492,191 Trailsway Pass,Las Vegas,Nevada,US,89155,2025-02-02,Inactive
539,Wilfred Jewel,wjeweley@miibeian.gov.cn,571-915-6300,29191 1st Terrace,Fairfax,Virginia,US,22036,2023-01-22,Inactive
540,Nikolia Giacopelo,ngiacopeloez@twitpic.com,785-559-0074,0882 Everett Drive,Topeka,Kansas,US,66606,2025-03-13,Active
541,Gregorio Gillanders,ggillandersf0@amazon.co.uk,602-212-7475,5526 Pennsylvania Plaza,Phoenix,Arizona,US,85072,2021-12-17,Inactive
542,Oberon McAlinden,omcalindenf1@cornell.edu,504-139-2587,00 Welch Pass,New Orleans,Louisiana,US,70165,2024-03-30,Inactive
543,Feliks Lamberti,flambertif2@uol.com.br,910-932-9308,4370 Clarendon Alley,Fayetteville,North Carolina,US,28314,2023-01-23,Inactive
544,Rozanna Nozzolinii,rnozzoliniif3@bigcartel.com,940-948-8874,89002 Sauthoff Road,Wichita Falls,Texas,US,76310,2022-07-18,Active
545,Morty Thunder,mthunderf4@blinklist.com,202-971-9575,9428 Stoughton Hill,Washington,District of Columbia,US,20392,2024-05-02,Inactive
546,Marcelia Commusso,mcommussof5@tumblr.com,501-287-3339,72 Grayhawk Court,Little Rock,Arkansas,US,72209,2022-08-16,Inactive
547,Wylma Friese,wfriesef6@diigo.com,719-686-1074,519 Maryland Pass,Pueblo,Colorado,US,81010,2022-06-10,Active
548,Dorian Wilshire,dwilshiref7@intel.com,305-921-1463,30 Loeprich Lane,Pompano Beach,Florida,US,33064,2021-07-31,Inactive
549,Gaelan Westphalen,gwestphalenf8@jigsy.com,803-545-0120,0 American Street,Aiken,South Carolina,US,29805,2025-01-29,Inactive
550,Conway McKearnen,cmckearnenf9@flavors.me,754-633-2199,27 Scoville Way,Fort Lauderdale,Florida,US,33320,2023-10-24,Inactive
551,Skippy Gillam,sgillamfa@shinystat.com,216-464-8316,411 Larry Road,Cleveland,Ohio,US,44197,2022-07-28,Active
552,Pennie Kestell,pkestellfb@foxnews.com,716-890-7959,35 Pennsylvania Pass,Buffalo,New York,US,14205,2025-07-05,Active
553,Gina Lockett,glockettfc@vistaprint.com,240-414-6865,38127 Thierer Lane,Hagerstown,Maryland,US,21747,2021-04-11,Active
554,Travers Allbones,tallbonesfd@hp.com,704-262-8111,37 Buhler Alley,Charlotte,North Carolina,US,28242,2024-04-11,Inactive
555,Olivia Gonsalvo,ogonsalvofe@tripadvisor.com,405-200-6415,0 Sugar Road,Oklahoma City,Oklahoma,US,73197,2022-05-03,Inactive
556,Gabby Uphill,guphillff@i2i.jp,727-762-4048,662 Waywood Pass,Clearwater,Florida,US,34629,2024-03-16,Active
557,Ernestine Monday,emondayfg@fastcompany.com,432-835-0569,39265 Fallview Hill,Midland,Texas,US,79705,2025-04-04,Active
558,Odetta Sorsby,osorsbyfh@yandex.ru,202-659-6108,6165 Lakewood Gardens Hill,Washington,District of Columbia,US,20420,2023-09-28,Active
559,Angie Chubb,achubbfi@imageshack.us,612-324-3668,7 Duke Place,Minneapolis,Minnesota,US,55480,2021-08-22,Active
560,Persis Dyett,pdyettfj@dell.com,504-340-7684,7215 Oak Trail,New Orleans,Louisiana,US,70142,2021-05-26,Active
561,Lorettalorna Hitter,lhitterfk@alibaba.com,469-987-1397,2165 Kropf Court,Dallas,Texas,US,75231,2023-08-12,Inactive
562,Roddy Mussard,rmussardfl@rediff.com,214-213-6993,3 Walton Circle,Dallas,Texas,US,75379,2022-09-17,Active
563,Nikki Dumbreck,ndumbreckfm@cyberchimps.com,239-892-7900,7 Heath Place,Naples,Florida,US,33963,2025-07-09,Inactive
564,Darline Levet,dlevetfn@flavors.me,940-704-0447,796 Spohn Court,Wichita Falls,Texas,US,76310,2021-04-28,Inactive
565,Tuck Motte,tmottefo@friendfeed.com,915-272-8355,282 Upham Circle,El Paso,Texas,US,79984,2022-09-22,Inactive
566,Mei Bollis,mbollisfp@dailymotion.com,347-633-6527,36 Chinook Crossing,New York City,New York,US,10014,2024-02-27,Active
567,Alvina Ladley,aladleyfq@shareasale.com,432-821-7114,4 International Trail,Odessa,Texas,US,79764,2024-01-18,Active
568,Margalit Bradtke,mbradtkefr@nature.com,612-537-4874,132 Novick Plaza,Saint Paul,Minnesota,US,55103,2022-03-08,Inactive
569,Tarrance Roller,trollerfs@thetimes.co.uk,754-366-1424,43 Milwaukee Way,Fort Lauderdale,Florida,US,33320,2025-05-10,Inactive
570,Noble Jammes,njammesft@blinklist.com,856-776-9289,50 Green Trail,Camden,New Jersey,US,8104,2024-07-24,Inactive
571,Jeanette Jakubovski,jjakubovskifu@last.fm,601-808-0693,0 Tomscot Lane,Jackson,Mississippi,US,39236,2023-02-27,Active
572,Uriel Peers,upeersfv@twitpic.com,609-208-0850,0636 Browning Drive,Trenton,New Jersey,US,8619,2023-05-09,Active
573,Blithe McGarvie,bmcgarviefw@huffingtonpost.com,309-268-0891,03865 Briar Crest Crossing,Peoria,Illinois,US,61629,2025-01-23,Inactive
574,Dina Fullman,dfullmanfx@fema.gov,704-943-1424,9145 Laurel Point,Charlotte,North Carolina,US,28235,2024-07-21,Inactive
575,Stanislaw Gooderick,sgooderickfy@yale.edu,570-321-6637,38 Fairfield Place,Wilkes Barre,Pennsylvania,US,18706,2025-06-05,Inactive
576,Aurora Hacun,ahacunfz@nasa.gov,971-350-9768,852 Clemons Road,Portland,Oregon,US,97240,2024-07-10,Active
577,Germaine Copner,gcopnerg0@spiegel.de,516-166-8038,690 Cambridge Junction,New Hyde Park,New York,US,11044,2023-06-15,Active
578,Donavon Ballard,dballardg1@cornell.edu,318-574-8003,643 Hollow Ridge Road,Shreveport,Louisiana,US,71137,2024-03-02,Inactive
579,Dorolice Harower,dharowerg2@howstuffworks.com,913-307-9660,5 Gina Place,Shawnee Mission,Kansas,US,66205,2021-11-30,Inactive
580,Gert McKerton,gmckertong3@google.es,801-564-0173,2 Redwing Terrace,Salt Lake City,Utah,US,84140,2022-08-25,Active
581,Chicky Le Cornu,cleg4@nytimes.com,502-264-2989,16 Hauk Park,Louisville,Kentucky,US,40250,2023-02-21,Active
582,Devland Tidder,dtidderg5@howstuffworks.com,609-854-0615,95441 Fieldstone Parkway,Trenton,New Jersey,US,8603,2022-06-23,Active
583,Jeanine Leer,jleerg6@storify.com,928-846-6000,19630 Carey Point,Phoenix,Arizona,US,85025,2025-06-11,Inactive
584,Jay Champkin,jchampking7@sakura.ne.jp,202-288-3318,08 Lindbergh Street,Washington,District of Columbia,US,20404,2023-11-04,Active
585,Wain Gencke,wgenckeg8@hhs.gov,386-130-7088,31 Meadow Ridge Trail,Daytona Beach,Florida,US,32123,2024-03-13,Inactive
586,Ethelda Genn,egenng9@devhub.com,916-717-8941,44083 Mcbride Place,Sacramento,California,US,94230,2024-05-31,Active
587,Chrysler McVey,cmcveyga@nhs.uk,770-139-3827,83159 Center Circle,Marietta,Georgia,US,30066,2023-07-28,Inactive
588,Erin Fass,efassgb@youku.com,313-966-4003,59226 Trailsway Way,Detroit,Michigan,US,48295,2025-02-27,Inactive
589,Danell Steadman,dsteadmangc@amazon.de,571-549-1613,403 Kinsman Park,Merrifield,Virginia,US,22119,2024-04-25,Inactive
590,Symon Cuppleditch,scuppleditchgd@indiegogo.com,225-110-9348,20 Bartelt Way,Baton Rouge,Louisiana,US,70836,2023-04-17,Inactive
591,Malinde Bater,mbaterge@wp.com,405-361-4726,127 Brown Parkway,Oklahoma City,Oklahoma,US,73109,2024-08-18,Active
592,Findley Signori,fsignorigf@live.com,718-202-1231,35311 Butterfield Circle,Jamaica,New York,US,11470,2023-06-09,Active
593,Boigie Awcock,bawcockgg@goodreads.com,203-281-1698,1 Prentice Circle,New Haven,Connecticut,US,6538,2021-05-10,Inactive
594,Shanan Samways,ssamwaysgh@hc360.com,909-390-3969,708 Leroy Junction,San Bernardino,California,US,92405,2022-06-06,Active
595,Melisent Seden,msedengi@ebay.co.uk,469-463-8551,5019 Stang Hill,Dallas,Texas,US,75231,2021-01-02,Inactive
596,Brina Frail,bfrailgj@biblegateway.com,559-333-3964,9937 Bunting Point,Fresno,California,US,93762,2022-03-04,Inactive
597,Merrily Swetman,mswetmangk@hud.gov,806-407-7851,9319 Chinook Plaza,Amarillo,Texas,US,79118,2024-04-22,Inactive
598,Tonie Phillp,tphillpgl@narod.ru,253-183-0838,9420 Mitchell Junction,Tacoma,Washington,US,98417,2022-08-27,Inactive
599,Diana Duck,dduckgm@microsoft.com,585-294-4067,69804 Tony Crossing,Rochester,New York,US,14639,2024-12-28,Inactive
600,Sharia Kibby,skibbygn@google.com.au,952-715-1910,666 Morrow Circle,Minneapolis,Minnesota,US,55412,2024-08-26,Active
